siglum,seq,file,kind,folio,dpi,mode,notes
T,1,img002.jpg,text-spread,,150,RGB,فاتحة الكتاب (الصفحة اليمنى)؛ ختم 13046 ك
T,2,img003.jpg,text-spread,,150,RGB,
T,3,img004.jpg,text-spread,,150,RGB,
T,4,img005.jpg,text-spread,,150,RGB,
T,5,img006.jpg,text-spread,,150,RGB,
T,6,img007.jpg,text-spread,,150,RGB,
T,7,img008.jpg,text-spread,,150,RGB,
T,8,img009.jpg,text-spread,,150,RGB,
T,9,img010.jpg,text-spread,,150,RGB,
T,10,img011.jpg,text-spread,,150,RGB,
T,11,img012.jpg,text-spread,,150,RGB,
T,12,img013.jpg,text-spread,,150,RGB,
T,13,img014.jpg,text-spread,,150,RGB,
T,14,img015.jpg,text-spread,,150,RGB,
T,15,img016.jpg,text-spread,,150,RGB,
T,16,img017.jpg,text-spread,,150,RGB,
T,17,img018.jpg,text-spread,,150,RGB,
T,18,img019.jpg,text-spread,,150,RGB,
T,19,img020.jpg,text-spread,,150,RGB,
T,20,img021.jpg,text-spread,,150,RGB,
T,21,img022.jpg,text-spread,,150,RGB,
T,22,img023.jpg,text-spread,,150,RGB,
T,23,img024.jpg,text-spread,,150,RGB,
T,24,img025.jpg,text-spread,,150,RGB,
T,25,img026.jpg,text-spread,,150,RGB,
T,26,img027.jpg,text-spread,,150,RGB,
T,27,img028.jpg,text-spread,,150,RGB,
T,28,img029.jpg,text-spread,,150,RGB,
T,29,img030.jpg,text-spread,,150,RGB,
T,30,img031.jpg,text-spread,,150,RGB,
T,31,img032.jpg,text-spread,,150,RGB,
T,32,img033.jpg,text-spread,,150,RGB,
T,33,img034.jpg,text-spread,,150,RGB,
T,34,img035.jpg,text-spread,,150,RGB,
T,35,img036.jpg,text-spread,,150,RGB,
T,36,img037.jpg,text-spread,,150,RGB,
T,37,img038.jpg,text-spread,,150,RGB,
T,38,img039.jpg,text-spread,,150,RGB,
T,39,img040.jpg,text-spread,,150,RGB,
T,40,img041.jpg,text-spread,,150,RGB,
T,41,img042.jpg,text-spread,,150,RGB,
T,42,img043.jpg,text-spread,,150,RGB,
T,43,img044.jpg,text-spread,,150,RGB,
T,44,img045.jpg,text-spread,,150,RGB,
T,45,img046.jpg,text-spread,,150,RGB,
T,46,img047.jpg,text-spread,,150,RGB,
T,47,img048.jpg,text-spread,,150,RGB,
T,48,img049.jpg,text-spread,,150,RGB,
T,49,img050.jpg,text-spread,,150,RGB,
T,50,img051.jpg,text-spread,,150,RGB,
T,51,img052.jpg,text-spread,,150,RGB,
T,52,img053.jpg,text-spread,,150,RGB,
T,53,img054.jpg,text-spread,,150,RGB,
T,54,img055.jpg,text-spread,,150,RGB,
T,55,img056.jpg,text-spread,,150,RGB,
T,56,img057.jpg,text-spread,,150,RGB,
T,57,img058.jpg,text-spread,,150,RGB,
T,58,img059.jpg,text-spread,,150,RGB,
T,59,img060.jpg,text-spread,,150,RGB,
T,60,img061.jpg,text-spread,,150,RGB,
T,61,img062.jpg,text-spread,,150,RGB,
T,62,img063.jpg,text-spread,,150,RGB,
T,63,img064.jpg,text-spread,,150,RGB,
T,64,img065.jpg,text-spread,,150,RGB,
T,65,img066.jpg,text-spread,,150,RGB,
T,66,img067.jpg,text-spread,,150,RGB,
T,67,img068.jpg,text-spread,,150,RGB,
T,68,img069.jpg,text-spread,,150,RGB,
T,69,img070.jpg,text-spread,,150,RGB,
T,70,img071.jpg,text-spread,,150,RGB,
T,71,img072.jpg,text-spread,,150,RGB,
T,72,img073.jpg,text-spread,,150,RGB,
T,73,img074.jpg,text-spread,,150,RGB,
T,74,img075.jpg,text-spread,,150,RGB,
T,75,img076.jpg,text-spread,,150,RGB,
T,76,img077.jpg,text-spread,,150,RGB,
T,77,img078.jpg,text-spread,,150,RGB,
T,78,img079.jpg,text-spread,,150,RGB,
T,79,img080.jpg,text-spread,,150,RGB,
T,80,img081.jpg,text-spread,,150,RGB,
T,81,img082.jpg,text-spread,,150,RGB,
T,82,img083.jpg,text-spread,,150,RGB,
T,83,img084.jpg,text-spread,,150,RGB,
T,84,img085.jpg,text-spread,,150,RGB,
T,85,img086.jpg,text-spread,,150,RGB,
T,86,img087.jpg,text-spread,,150,RGB,
T,87,img088.jpg,text-spread,,150,RGB,
T,88,img089.jpg,text-spread,,150,RGB,
T,89,img090.jpg,text-spread,,150,RGB,
T,90,img091.jpg,text-spread,,150,RGB,
T,91,img092.jpg,text-spread,,150,RGB,
T,92,img093.jpg,text-spread,,150,RGB,
T,93,img094.jpg,text-spread,,150,RGB,
T,94,img095.jpg,text-spread,,150,RGB,
T,95,img096.jpg,text-spread,,150,RGB,
T,96,img097.jpg,text-spread,,150,RGB,
T,97,img098.jpg,text-spread,,150,RGB,
T,98,img099.jpg,text-spread,,150,RGB,
T,99,img100.jpg,text-spread,,150,RGB,
T,100,img101.jpg,text-spread,,150,RGB,
T,101,img102.jpg,text-spread,,150,RGB,
T,102,img103.jpg,text-spread,,150,RGB,
T,103,img104.jpg,text-spread,,150,RGB,
T,104,img105.jpg,text-spread,,150,RGB,
T,105,img106.jpg,text-spread,,150,RGB,
T,106,img107.jpg,text-spread,,150,RGB,
T,107,img108.jpg,text-spread,,150,RGB,
T,108,img109.jpg,text-spread,,150,RGB,
T,109,img110.jpg,text-spread,,150,RGB,
T,110,img111.jpg,text-spread,,150,RGB,
T,111,img112.jpg,text-spread,,150,RGB,
T,112,img113.jpg,text-spread,,150,RGB,
T,113,img114.jpg,text-spread,,150,RGB,
T,114,img115.jpg,text-spread,,150,RGB,
T,115,img116.jpg,text-spread,,150,RGB,
T,116,img117.jpg,text-spread,,150,RGB,
T,117,img118.jpg,text-spread,,150,RGB,رقم الورقة 118 على الصفحة اليسرى
T,118,img119.jpg,text-single,,150,RGB,خاتمة وحرد المتن (1335هـ)؛ ختما الكتاني والخزانة
M,1,Scan_0352.tif,target,,200,1-bit,شعار مركز جمعة الماجد
M,2,Scan_0353.tif,target,,200,1-bit,هدف «النهاية/END»
M,3,Scan_0354.tif,target,,200,1-bit,هدف «البداية/START»
M,4,Scan_0355.tif,card,,200,1-bit,بطاقة مركز جمعة الماجد
M,5,Scan_0356.tif,card,,200,1-bit,جذاذة دار الكتب الوطنية: Mss. ar. 514
M,6,Scan_0357.tif,text-spread,,200,1-bit,فاتحة الكتاب؛ ورقة 1
M,7,Scan_0358.tif,text-spread,,200,1-bit,
M,8,Scan_0359.tif,text-spread,,200,1-bit,
M,9,Scan_0360.tif,text-spread,,200,1-bit,
M,10,Scan_0361.tif,text-spread,,200,1-bit,
M,11,Scan_0362.tif,text-spread,,200,1-bit,
M,12,Scan_0363.tif,text-spread,,200,1-bit,
M,13,Scan_0364.tif,text-spread,,200,1-bit,
M,14,Scan_0365.tif,text-spread,,200,1-bit,
M,15,Scan_0366.tif,text-spread,,200,1-bit,
M,16,Scan_0367.tif,text-spread,,200,1-bit,
M,17,Scan_0368.tif,text-spread,,200,1-bit,
M,18,Scan_0369.tif,text-spread,,200,1-bit,
M,19,Scan_0370.tif,text-spread,,200,1-bit,
M,20,Scan_0371.tif,text-spread,,200,1-bit,
M,21,Scan_0372.tif,text-spread,,200,1-bit,
M,22,Scan_0373.tif,text-spread,,200,1-bit,
M,23,Scan_0374.tif,text-spread,,200,1-bit,
M,24,Scan_0375.tif,text-spread,,200,1-bit,
M,25,Scan_0376.tif,text-spread,,200,1-bit,
M,26,Scan_0377.tif,text-spread,,200,1-bit,
M,27,Scan_0378.tif,text-spread,,200,1-bit,
M,28,Scan_0379.tif,text-spread,,200,1-bit,
M,29,Scan_0380.tif,text-spread,,200,1-bit,
M,30,Scan_0381.tif,text-spread,,200,1-bit,
M,31,Scan_0382.tif,text-spread,,200,1-bit,
M,32,Scan_0383.tif,text-spread,,200,1-bit,
M,33,Scan_0384.tif,text-spread,,200,1-bit,
M,34,Scan_0385.tif,text-spread,,200,1-bit,
M,35,Scan_0386.tif,text-spread,,200,1-bit,
M,36,Scan_0387.tif,text-spread,,200,1-bit,
M,37,Scan_0388.tif,text-spread,,200,1-bit,
M,38,Scan_0389.tif,text-spread,,200,1-bit,
M,39,Scan_0390.tif,text-spread,,200,1-bit,
M,40,Scan_0391.tif,text-spread,,200,1-bit,
M,41,Scan_0392.tif,text-spread,,200,1-bit,
M,42,Scan_0393.tif,text-spread,,200,1-bit,
M,43,Scan_0394.tif,text-spread,,200,1-bit,
M,44,Scan_0395.tif,text-spread,,200,1-bit,
M,45,Scan_0396.tif,text-spread,,200,1-bit,
M,46,Scan_0397.tif,text-spread,,200,1-bit,
M,47,Scan_0398.tif,text-spread,,200,1-bit,
M,48,Scan_0399.tif,text-spread,,200,1-bit,
M,49,Scan_0400.tif,text-spread,,200,1-bit,
M,50,Scan_0401.tif,text-spread,,200,1-bit,
M,51,Scan_0402.tif,text-spread,,200,1-bit,
M,52,Scan_0403.tif,text-spread,,200,1-bit,
M,53,Scan_0404.tif,text-spread,,200,1-bit,
M,54,Scan_0405.tif,text-spread,,200,1-bit,
M,55,Scan_0406.tif,text-spread,,200,1-bit,
M,56,Scan_0407.tif,text-spread,,200,1-bit,
M,57,Scan_0408.tif,text-spread,,200,1-bit,
M,58,Scan_0409.tif,text-spread,,200,1-bit,
M,59,Scan_0410.tif,text-spread,,200,1-bit,
M,60,Scan_0411.tif,text-spread,,200,1-bit,
M,61,Scan_0412.tif,text-spread,,200,1-bit,
M,62,Scan_0413.tif,text-spread,,200,1-bit,
M,63,Scan_0414.tif,text-spread,,200,1-bit,
M,64,Scan_0415.tif,text-spread,,200,1-bit,
M,65,Scan_0416.tif,text-spread,,200,1-bit,
M,66,Scan_0417.tif,text-spread,,200,1-bit,
M,67,Scan_0418.tif,text-spread,,200,1-bit,
M,68,Scan_0419.tif,text-spread,,200,1-bit,
M,69,Scan_0420.tif,text-spread,,200,1-bit,
M,70,Scan_0421.tif,text-spread,,200,1-bit,
M,71,Scan_0422.tif,text-spread,,200,1-bit,
M,72,Scan_0423.tif,text-spread,,200,1-bit,
M,73,Scan_0424.tif,text-spread,,200,1-bit,
M,74,Scan_0425.tif,text-spread,,200,1-bit,
M,75,Scan_0426.tif,text-spread,,200,1-bit,
M,76,Scan_0427.tif,text-spread,,200,1-bit,
M,77,Scan_0428.tif,text-spread,,200,1-bit,
M,78,Scan_0429.tif,text-spread,,200,1-bit,
M,79,Scan_0430.tif,text-spread,,200,1-bit,
M,80,Scan_0431.tif,text-spread,,200,1-bit,
M,81,Scan_0432.tif,text-spread,,200,1-bit,
M,82,Scan_0433.tif,text-spread,,200,1-bit,
M,83,Scan_0434.tif,text-spread,,200,1-bit,
M,84,Scan_0435.tif,text-spread,,200,1-bit,
M,85,Scan_0436.tif,text-spread,,200,1-bit,
M,86,Scan_0437.tif,text-spread,,200,1-bit,
M,87,Scan_0438.tif,text-spread,,200,1-bit,
M,88,Scan_0439.tif,text-spread,,200,1-bit,
M,89,Scan_0440.tif,text-spread,,200,1-bit,
M,90,Scan_0441.tif,text-spread,,200,1-bit,
M,91,Scan_0442.tif,text-spread,,200,1-bit,
M,92,Scan_0443.tif,text-spread,,200,1-bit,
M,93,Scan_0444.tif,text-spread,,200,1-bit,
M,94,Scan_0445.tif,text-spread,,200,1-bit,
M,95,Scan_0446.tif,text-spread,,200,1-bit,
M,96,Scan_0447.tif,text-spread,,200,1-bit,
M,97,Scan_0448.tif,text-spread,,200,1-bit,
M,98,Scan_0449.tif,text-spread,,200,1-bit,
M,99,Scan_0450.tif,text-spread,,200,1-bit,
M,100,Scan_0451.tif,text-spread,,200,1-bit,
M,101,Scan_0452.tif,text-spread,,200,1-bit,
M,102,Scan_0453.tif,text-spread,,200,1-bit,
M,103,Scan_0454.tif,text-spread,,200,1-bit,
M,104,Scan_0455.tif,text-spread,,200,1-bit,
M,105,Scan_0456.tif,text-spread,,200,1-bit,
M,106,Scan_0457.tif,text-spread,,200,1-bit,
M,107,Scan_0458.tif,text-spread,,200,1-bit,
M,108,Scan_0459.tif,text-spread,,200,1-bit,
M,109,Scan_0460.tif,text-spread,,200,1-bit,
M,110,Scan_0461.tif,text-spread,,200,1-bit,
M,111,Scan_0462.tif,text-spread,,200,1-bit,
M,112,Scan_0463.tif,text-spread,,200,1-bit,
M,113,Scan_0464.tif,text-spread,,200,1-bit,
M,114,Scan_0465.tif,text-spread,,200,1-bit,
M,115,Scan_0466.tif,text-spread,,200,1-bit,
M,116,Scan_0467.tif,text-spread,,200,1-bit,
M,117,Scan_0468.tif,text-spread,,200,1-bit,
M,118,Scan_0469.tif,text-spread,,200,1-bit,
M,119,Scan_0470.tif,text-spread,,200,1-bit,
M,120,Scan_0471.tif,text-spread,,200,1-bit,
M,121,Scan_0472.tif,text-spread,,200,1-bit,
M,122,Scan_0473.tif,text-spread,,200,1-bit,
M,123,Scan_0474.tif,text-spread,,200,1-bit,
M,124,Scan_0475.tif,text-spread,,200,1-bit,
M,125,Scan_0476.tif,text-spread,,200,1-bit,
M,126,Scan_0477.tif,text-spread,,200,1-bit,
M,127,Scan_0478.tif,text-spread,,200,1-bit,
M,128,Scan_0479.tif,text-spread,,200,1-bit,
M,129,Scan_0480.tif,text-spread,,200,1-bit,
M,130,Scan_0481.tif,text-spread,,200,1-bit,
M,131,Scan_0482.tif,text-spread,,200,1-bit,
M,132,Scan_0483.tif,text-spread,,200,1-bit,
M,133,Scan_0484.tif,text-spread,,200,1-bit,
M,134,Scan_0485.tif,text-spread,,200,1-bit,
M,135,Scan_0486.tif,text-spread,,200,1-bit,
M,136,Scan_0487.tif,text-spread,,200,1-bit,
M,137,Scan_0488.tif,text-spread,,200,1-bit,
M,138,Scan_0489.tif,text-spread,,200,1-bit,
M,139,Scan_0490.tif,text-spread,,200,1-bit,
M,140,Scan_0491.tif,text-spread,,200,1-bit,
M,141,Scan_0492.tif,text-spread,,200,1-bit,
M,142,Scan_0493.tif,text-spread,,200,1-bit,
M,143,Scan_0494.tif,text-spread,,200,1-bit,
M,144,Scan_0495.tif,text-spread,,200,1-bit,
M,145,Scan_0496.tif,text-spread,,200,1-bit,
M,146,Scan_0497.tif,text-spread,,200,1-bit,
M,147,Scan_0498.tif,text-spread,,200,1-bit,
M,148,Scan_0499.tif,text-spread,,200,1-bit,
M,149,Scan_0500.tif,text-spread,,200,1-bit,
M,150,Scan_0501.tif,text-spread,,200,1-bit,خاتمة الكتاب وحرد متن بقلم مختلف؛ الصفحة اليمنى متضررة بالرطوبة
M,151,Scan_0502.tif,appendix,,200,1-bit,قصيدة توسلية ملحقة
M,152,Scan_0503.tif,appendix,,200,1-bit,آخر القصيدة ووديعة الشهادة
M,153,Scan_0504.tif,back-matter,,200,1-bit,لوحات ختامية (بطاقة/أهداف) — تُراجع
M,154,Scan_0505.tif,back-matter,,200,1-bit,لوحات ختامية (بطاقة/أهداف) — تُراجع
M,155,Scan_0506.tif,back-matter,,200,1-bit,لوحات ختامية (بطاقة/أهداف) — تُراجع
