siglum,seq,file,folder,folio,notes
M,1,Scan_0352.tif,التبتل في العبادات - نسخة جمعة الماجد,,
M,2,Scan_0353.tif,التبتل في العبادات - نسخة جمعة الماجد,,
M,3,Scan_0354.tif,التبتل في العبادات - نسخة جمعة الماجد,,
M,4,Scan_0355.tif,التبتل في العبادات - نسخة جمعة الماجد,,
M,5,Scan_0356.tif,التبتل في العبادات - نسخة جمعة الماجد,,
M,6,Scan_0357.tif,التبتل في العبادات - نسخة جمعة الماجد,,
M,7,Scan_0358.tif,التبتل في العبادات - نسخة جمعة الماجد,,
M,8,Scan_0359.tif,التبتل في العبادات - نسخة جمعة الماجد,,
M,9,Scan_0360.tif,التبتل في العبادات - نسخة جمعة الماجد,,
M,10,Scan_0361.tif,التبتل في العبادات - نسخة جمعة الماجد,,
M,11,Scan_0362.tif,التبتل في العبادات - نسخة جمعة الماجد,,
M,12,Scan_0363.tif,التبتل في العبادات - نسخة جمعة الماجد,,
M,13,Scan_0364.tif,التبتل في العبادات - نسخة جمعة الماجد,,
M,14,Scan_0365.tif,التبتل في العبادات - نسخة جمعة الماجد,,
M,15,Scan_0366.tif,التبتل في العبادات - نسخة جمعة الماجد,,
M,16,Scan_0367.tif,التبتل في العبادات - نسخة جمعة الماجد,,
M,17,Scan_0368.tif,التبتل في العبادات - نسخة جمعة الماجد,,
M,18,Scan_0369.tif,التبتل في العبادات - نسخة جمعة الماجد,,
M,19,Scan_0370.tif,التبتل في العبادات - نسخة جمعة الماجد,,
M,20,Scan_0371.tif,التبتل في العبادات - نسخة جمعة الماجد,,
M,21,Scan_0372.tif,التبتل في العبادات - نسخة جمعة الماجد,,
M,22,Scan_0373.tif,التبتل في العبادات - نسخة جمعة الماجد,,
M,23,Scan_0374.tif,التبتل في العبادات - نسخة جمعة الماجد,,
M,24,Scan_0375.tif,التبتل في العبادات - نسخة جمعة الماجد,,
M,25,Scan_0376.tif,التبتل في العبادات - نسخة جمعة الماجد,,
M,26,Scan_0377.tif,التبتل في العبادات - نسخة جمعة الماجد,,
M,27,Scan_0378.tif,التبتل في العبادات - نسخة جمعة الماجد,,
M,28,Scan_0379.tif,التبتل في العبادات - نسخة جمعة الماجد,,
M,29,Scan_0380.tif,التبتل في العبادات - نسخة جمعة الماجد,,
M,30,Scan_0381.tif,التبتل في العبادات - نسخة جمعة الماجد,,
M,31,Scan_0382.tif,التبتل في العبادات - نسخة جمعة الماجد,,
M,32,Scan_0383.tif,التبتل في العبادات - نسخة جمعة الماجد,,
M,33,Scan_0384.tif,التبتل في العبادات - نسخة جمعة الماجد,,
M,34,Scan_0385.tif,التبتل في العبادات - نسخة جمعة الماجد,,
M,35,Scan_0386.tif,التبتل في العبادات - نسخة جمعة الماجد,,
M,36,Scan_0387.tif,التبتل في العبادات - نسخة جمعة الماجد,,
M,37,Scan_0388.tif,التبتل في العبادات - نسخة جمعة الماجد,,
M,38,Scan_0389.tif,التبتل في العبادات - نسخة جمعة الماجد,,
M,39,Scan_0390.tif,التبتل في العبادات - نسخة جمعة الماجد,,
M,40,Scan_0391.tif,التبتل في العبادات - نسخة جمعة الماجد,,
M,41,Scan_0392.tif,التبتل في العبادات - نسخة جمعة الماجد,,
M,42,Scan_0393.tif,التبتل في العبادات - نسخة جمعة الماجد,,
M,43,Scan_0394.tif,التبتل في العبادات - نسخة جمعة الماجد,,
M,44,Scan_0395.tif,التبتل في العبادات - نسخة جمعة الماجد,,
M,45,Scan_0396.tif,التبتل في العبادات - نسخة جمعة الماجد,,
M,46,Scan_0397.tif,التبتل في العبادات - نسخة جمعة الماجد,,
M,47,Scan_0398.tif,التبتل في العبادات - نسخة جمعة الماجد,,
M,48,Scan_0399.tif,التبتل في العبادات - نسخة جمعة الماجد,,
M,49,Scan_0400.tif,التبتل في العبادات - نسخة جمعة الماجد,,
M,50,Scan_0401.tif,التبتل في العبادات - نسخة جمعة الماجد,,
M,51,Scan_0402.tif,التبتل في العبادات - نسخة جمعة الماجد,,
M,52,Scan_0403.tif,التبتل في العبادات - نسخة جمعة الماجد,,
M,53,Scan_0404.tif,التبتل في العبادات - نسخة جمعة الماجد,,
M,54,Scan_0405.tif,التبتل في العبادات - نسخة جمعة الماجد,,
M,55,Scan_0406.tif,التبتل في العبادات - نسخة جمعة الماجد,,
M,56,Scan_0407.tif,التبتل في العبادات - نسخة جمعة الماجد,,
M,57,Scan_0408.tif,التبتل في العبادات - نسخة جمعة الماجد,,
M,58,Scan_0409.tif,التبتل في العبادات - نسخة جمعة الماجد,,
M,59,Scan_0410.tif,التبتل في العبادات - نسخة جمعة الماجد,,
M,60,Scan_0411.tif,التبتل في العبادات - نسخة جمعة الماجد,,
M,61,Scan_0412.tif,التبتل في العبادات - نسخة جمعة الماجد,,
M,62,Scan_0413.tif,التبتل في العبادات - نسخة جمعة الماجد,,
M,63,Scan_0414.tif,التبتل في العبادات - نسخة جمعة الماجد,,
M,64,Scan_0415.tif,التبتل في العبادات - نسخة جمعة الماجد,,
M,65,Scan_0416.tif,التبتل في العبادات - نسخة جمعة الماجد,,
M,66,Scan_0417.tif,التبتل في العبادات - نسخة جمعة الماجد,,
M,67,Scan_0418.tif,التبتل في العبادات - نسخة جمعة الماجد,,
M,68,Scan_0419.tif,التبتل في العبادات - نسخة جمعة الماجد,,
M,69,Scan_0420.tif,التبتل في العبادات - نسخة جمعة الماجد,,
M,70,Scan_0421.tif,التبتل في العبادات - نسخة جمعة الماجد,,
M,71,Scan_0422.tif,التبتل في العبادات - نسخة جمعة الماجد,,
M,72,Scan_0423.tif,التبتل في العبادات - نسخة جمعة الماجد,,
M,73,Scan_0424.tif,التبتل في العبادات - نسخة جمعة الماجد,,
M,74,Scan_0425.tif,التبتل في العبادات - نسخة جمعة الماجد,,
M,75,Scan_0426.tif,التبتل في العبادات - نسخة جمعة الماجد,,
M,76,Scan_0427.tif,التبتل في العبادات - نسخة جمعة الماجد,,
M,77,Scan_0428.tif,التبتل في العبادات - نسخة جمعة الماجد,,
M,78,Scan_0429.tif,التبتل في العبادات - نسخة جمعة الماجد,,
M,79,Scan_0430.tif,التبتل في العبادات - نسخة جمعة الماجد,,
M,80,Scan_0431.tif,التبتل في العبادات - نسخة جمعة الماجد,,
M,81,Scan_0432.tif,التبتل في العبادات - نسخة جمعة الماجد,,
M,82,Scan_0433.tif,التبتل في العبادات - نسخة جمعة الماجد,,
M,83,Scan_0434.tif,التبتل في العبادات - نسخة جمعة الماجد,,
M,84,Scan_0435.tif,التبتل في العبادات - نسخة جمعة الماجد,,
M,85,Scan_0436.tif,التبتل في العبادات - نسخة جمعة الماجد,,
M,86,Scan_0437.tif,التبتل في العبادات - نسخة جمعة الماجد,,
M,87,Scan_0438.tif,التبتل في العبادات - نسخة جمعة الماجد,,
M,88,Scan_0439.tif,التبتل في العبادات - نسخة جمعة الماجد,,
M,89,Scan_0440.tif,التبتل في العبادات - نسخة جمعة الماجد,,
M,90,Scan_0441.tif,التبتل في العبادات - نسخة جمعة الماجد,,
M,91,Scan_0442.tif,التبتل في العبادات - نسخة جمعة الماجد,,
M,92,Scan_0443.tif,التبتل في العبادات - نسخة جمعة الماجد,,
M,93,Scan_0444.tif,التبتل في العبادات - نسخة جمعة الماجد,,
M,94,Scan_0445.tif,التبتل في العبادات - نسخة جمعة الماجد,,
M,95,Scan_0446.tif,التبتل في العبادات - نسخة جمعة الماجد,,
M,96,Scan_0447.tif,التبتل في العبادات - نسخة جمعة الماجد,,
M,97,Scan_0448.tif,التبتل في العبادات - نسخة جمعة الماجد,,
M,98,Scan_0449.tif,التبتل في العبادات - نسخة جمعة الماجد,,
M,99,Scan_0450.tif,التبتل في العبادات - نسخة جمعة الماجد,,
M,100,Scan_0451.tif,التبتل في العبادات - نسخة جمعة الماجد,,
M,101,Scan_0452.tif,التبتل في العبادات - نسخة جمعة الماجد,,
M,102,Scan_0453.tif,التبتل في العبادات - نسخة جمعة الماجد,,
M,103,Scan_0454.tif,التبتل في العبادات - نسخة جمعة الماجد,,
M,104,Scan_0455.tif,التبتل في العبادات - نسخة جمعة الماجد,,
M,105,Scan_0456.tif,التبتل في العبادات - نسخة جمعة الماجد,,
M,106,Scan_0457.tif,التبتل في العبادات - نسخة جمعة الماجد,,
M,107,Scan_0458.tif,التبتل في العبادات - نسخة جمعة الماجد,,
M,108,Scan_0459.tif,التبتل في العبادات - نسخة جمعة الماجد,,
M,109,Scan_0460.tif,التبتل في العبادات - نسخة جمعة الماجد,,
M,110,Scan_0461.tif,التبتل في العبادات - نسخة جمعة الماجد,,
M,111,Scan_0462.tif,التبتل في العبادات - نسخة جمعة الماجد,,
M,112,Scan_0463.tif,التبتل في العبادات - نسخة جمعة الماجد,,
M,113,Scan_0464.tif,التبتل في العبادات - نسخة جمعة الماجد,,
M,114,Scan_0465.tif,التبتل في العبادات - نسخة جمعة الماجد,,
M,115,Scan_0466.tif,التبتل في العبادات - نسخة جمعة الماجد,,
M,116,Scan_0467.tif,التبتل في العبادات - نسخة جمعة الماجد,,
M,117,Scan_0468.tif,التبتل في العبادات - نسخة جمعة الماجد,,
M,118,Scan_0469.tif,التبتل في العبادات - نسخة جمعة الماجد,,
M,119,Scan_0470.tif,التبتل في العبادات - نسخة جمعة الماجد,,
M,120,Scan_0471.tif,التبتل في العبادات - نسخة جمعة الماجد,,
M,121,Scan_0472.tif,التبتل في العبادات - نسخة جمعة الماجد,,
M,122,Scan_0473.tif,التبتل في العبادات - نسخة جمعة الماجد,,
M,123,Scan_0474.tif,التبتل في العبادات - نسخة جمعة الماجد,,
M,124,Scan_0475.tif,التبتل في العبادات - نسخة جمعة الماجد,,
M,125,Scan_0476.tif,التبتل في العبادات - نسخة جمعة الماجد,,
M,126,Scan_0477.tif,التبتل في العبادات - نسخة جمعة الماجد,,
M,127,Scan_0478.tif,التبتل في العبادات - نسخة جمعة الماجد,,
M,128,Scan_0479.tif,التبتل في العبادات - نسخة جمعة الماجد,,
M,129,Scan_0480.tif,التبتل في العبادات - نسخة جمعة الماجد,,
M,130,Scan_0481.tif,التبتل في العبادات - نسخة جمعة الماجد,,
M,131,Scan_0482.tif,التبتل في العبادات - نسخة جمعة الماجد,,
M,132,Scan_0483.tif,التبتل في العبادات - نسخة جمعة الماجد,,
M,133,Scan_0484.tif,التبتل في العبادات - نسخة جمعة الماجد,,
M,134,Scan_0485.tif,التبتل في العبادات - نسخة جمعة الماجد,,
M,135,Scan_0486.tif,التبتل في العبادات - نسخة جمعة الماجد,,
M,136,Scan_0487.tif,التبتل في العبادات - نسخة جمعة الماجد,,
M,137,Scan_0488.tif,التبتل في العبادات - نسخة جمعة الماجد,,
M,138,Scan_0489.tif,التبتل في العبادات - نسخة جمعة الماجد,,
M,139,Scan_0490.tif,التبتل في العبادات - نسخة جمعة الماجد,,
M,140,Scan_0491.tif,التبتل في العبادات - نسخة جمعة الماجد,,
M,141,Scan_0492.tif,التبتل في العبادات - نسخة جمعة الماجد,,
M,142,Scan_0493.tif,التبتل في العبادات - نسخة جمعة الماجد,,
M,143,Scan_0494.tif,التبتل في العبادات - نسخة جمعة الماجد,,
M,144,Scan_0495.tif,التبتل في العبادات - نسخة جمعة الماجد,,
M,145,Scan_0496.tif,التبتل في العبادات - نسخة جمعة الماجد,,
M,146,Scan_0497.tif,التبتل في العبادات - نسخة جمعة الماجد,,
M,147,Scan_0498.tif,التبتل في العبادات - نسخة جمعة الماجد,,
M,148,Scan_0499.tif,التبتل في العبادات - نسخة جمعة الماجد,,
M,149,Scan_0500.tif,التبتل في العبادات - نسخة جمعة الماجد,,
M,150,Scan_0501.tif,التبتل في العبادات - نسخة جمعة الماجد,,
M,151,Scan_0502.tif,التبتل في العبادات - نسخة جمعة الماجد,,
M,152,Scan_0503.tif,التبتل في العبادات - نسخة جمعة الماجد,,
M,153,Scan_0504.tif,التبتل في العبادات - نسخة جمعة الماجد,,
M,154,Scan_0505.tif,التبتل في العبادات - نسخة جمعة الماجد,,
M,155,Scan_0506.tif,التبتل في العبادات - نسخة جمعة الماجد,,
